{
    "version": 3,
    "cmakeMinimumRequired": {
        "major": 3,
        "minor": 22,
        "patch": 0
    },
    "configurePresets": [
        {
            "name": "vs2022-x64",
            "displayName": "Visual Studio 2022 x64",
            "generator": "Visual Studio 17 2022",
            "architecture": "x64",
            "binaryDir": "${sourceDir}/build",
            "cacheVariables": {
                "CMAKE_EXPORT_COMPILE_COMMANDS": "ON"
            }
        }
    ]
}
